Date,Asia Total,Japan,China,Taiwan,Philippines,Hong Kong,Thailand,Malaysia,Singapore,Indonesia,India,Vietnam,Myanmar,Mongolia,Sri Lanka,Pakistan,Bangladesh,Asia Other,Middle East Total,Uzbekistan,Turkiye,Israel,Iran,Kazakhstan,Jordan,Saudi Arabia,Iraq,Middle East Other,Americas Total,United States,Canada,Brazil,Mexico,Chile,Argentina,Colombia,Peru,Venezuela,Ecuador,Cuba,Americas Other,Europe Total,Russia,Germany,UK,France,Netherlands,Ukraine,Italy,Bulgaria,Sweden,Poland,Denmark,Greece,Switzerland,Norway,Spain,Romania,Belgium,Europe Other,Oceania Total,Australia,New Zealand,Kiribati,Fiji,Oceania Other,Africa Total,South Africa,Nigeria,Egypt,Africa Other,Other Countries,Overseas Koreans,Unknown,Total
2014-09-01,1014264,196306,564078,52942,32082,40614,33552,20846,15228,12230,14305,11663,4525,5001,1700,1089,1054,7049,17597,4776,2133,906,1219,2319,500,1283,323,4138,89255,69655,13765,1490,1164,471,395,447,310,188,152,17,1201,75356,17418,9682,12428,6604,2588,2036,4452,798,1543,1695,963,678,1320,1969,1612,1239,940,7391,19635,16121,3038,63,256,157,3977,1076,237,744,1920,25693,25652,41,1245777
2014-10-01,1070247,190335,562278,58542,40015,52371,52149,28279,20084,18915,12964,14339,4143,4937,1237,847,814,7998,16055,4470,2154,1717,954,2235,361,919,360,2885,99796,77836,15203,1852,1342,393,431,519,355,164,209,21,1471,82352,18218,10790,13012,8075,2955,2140,4668,732,1990,1485,1424,753,1656,1944,1910,1295,1133,8172,17015,13925,2565,72,317,136,4815,1036,336,637,2806,27202,27134,68,1317482
2014-11-01,919491,179533,460671,49286,34048,47062,42985,26603,20883,15818,10066,11143,5068,5065,1105,857,1168,8130,12188,4237,1784,948,432,1745,270,497,213,2062,75767,58709,12754,1185,1007,303,314,361,252,122,100,10,650,68881,16279,8607,10407,6469,2800,2129,4119,644,1449,1285,973,679,1050,1746,1828,1056,863,6498,14684,12071,2137,87,212,177,3402,562,285,657,1898,22985,22922,63,1117398
2014-12-01,909465,170487,420501,49571,32430,54153,47046,36473,34782,22678,8170,9657,5056,5601,1185,745,637,10293,11006,3276,1508,930,321,2323,210,448,150,1840,69057,55001,10733,1227,752,144,188,184,194,101,50,5,478,53773,15103,5705,7767,5234,1850,1803,2721,429,1136,942,600,629,696,1204,1048,939,552,5415,16995,13238,3368,48,253,88,2460,513,226,549,1172,23813,23742,71,1086569
2015-01-01,752382,139632,394345,49798,24716,35407,40880,12396,8934,12120,7228,7895,4486,6199,1250,697,690,5709,10769,3601,1392,788,235,2263,167,567,167,1589,63903,50896,9898,1079,749,243,189,173,99,104,54,5,414,55182,13957,6316,9715,5282,2026,1964,2090,445,1020,908,803,598,711,1729,1144,721,561,5192,13237,9997,2618,80,422,120,2427,913,146,358,1010,19154,19115,39,917054
2015-02-01,894641,142587,516787,53719,23740,50992,34861,14213,8166,12092,7983,9809,4549,5320,1200,862,887,6874,11279,4074,1439,804,297,2278,183,569,167,1468,62830,48728,10537,1159,815,175,149,261,163,116,100,6,621,51876,11734,6046,8051,5978,1956,1655,3003,457,1025,943,723,593,732,1259,1167,813,611,5130,8917,7010,1632,69,139,67,2876,855,196,443,1382,18287,18244,43,1050706
2015-03-01,1022000,218932,515130,52304,33763,51876,46868,21493,15541,15667,10206,18309,4850,5571,1532,1099,942,7917,15786,4774,2109,1253,578,2994,269,1079,263,2467,85991,66755,14085,1353,1033,284,348,409,273,256,128,10,1057,71850,15915,10123,12866,6898,2378,1969,3773,503,1467,1108,1067,887,1077,2029,1669,1013,835,6273,13457,11005,2061,91,204,96,3391,702,309,637,1743,25669,25611,58,1238144
2015-04-01,1138079,154402,641610,60752,45128,67465,43851,28330,18331,21092,11977,18937,5847,5980,1886,1006,1107,10378,15448,4947,2242,1456,419,2585,286,674,159,2680,102942,80120,16447,1732,1520,415,467,467,324,161,199,3,1087,80126,17831,9371,14556,8816,2877,2238,3852,687,1739,1334,1238,868,1516,1838,1784,1142,1469,6970,18573,15526,2525,163,209,150,4100,893,207,658,2342,25299,25246,53,1384567
2015-05-01,1107007,188420,618083,59061,41141,54095,35020,19463,16747,20136,14160,14485,5497,7456,1939,930,1055,9319,15367,5230,2269,1299,490,2555,304,769,248,2203,91234,70891,14541,1377,1225,367,372,473,553,178,136,25,1096,73393,18663,8770,10512,8171,2518,2146,4029,650,1493,1167,1082,864,1104,1433,1768,1311,1065,6647,17544,14409,2525,110,285,215,4070,885,281,714,2190,25597,25552,45,1334212
2015-06-01,570439,101206,315095,14816,31427,13949,16749,10283,7926,14881,11903,10840,4395,7830,1502,884,791,5962,11442,4407,1642,706,400,2043,167,544,147,1386,76773,62550,8909,1029,1209,400,323,430,445,273,104,27,1074,59670,14368,6922,7632,5744,1920,1925,3985,560,1422,1255,866,840,925,1615,1540,1234,707,6210,11191,8504,2144,157,269,117,3364,729,313,520,1802,18046,17997,49,750925
2015-07-01,446220,81748,255632,9879,23529,7761,12130,5893,4439,10418,8551,9172,4204,5746,1448,601,827,4242,13610,4988,1783,928,413,2006,201,1156,154,1981,76878,62627,9496,1296,1466,205,222,317,248,120,94,49,738,59188,13524,7008,7921,6467,2417,2017,3500,443,1148,1183,952,692,1290,1556,1706,793,854,5717,11733,9017,2189,161,213,153,3171,657,252,462,1800,18937,18899,38,629737
2015-08-01,862931,148632,513275,25622,32801,33752,13634,9709,6972,14555,31461,12453,4629,6325,1418,1238,1021,5434,16831,5483,2262,1043,645,3023,260,1442,180,2493,80985,63522,11881,1294,1507,295,261,381,373,142,158,16,1155,70837,15936,8787,10223,8678,2483,2220,4324,696,1262,1129,982,769,1166,1559,2069,1210,898,6446,11366,8458,2297,91,359,161,4525,1221,379,637,2288,21839,21811,28,1069314
2015-09-01,993841,157313,591242,46353,36605,52400,15907,17570,11867,15393,14150,14052,4917,6357,1532,959,1035,6189,15384,5299,2265,1031,621,2106,303,1019,186,2554,81626,63793,11870,1553,1046,392,375,505,448,263,162,35,1184,71369,15904,9525,10163,6889,2359,2240,4535,620,1554,1583,983,963,1244,1529,1985,1462,966,6865,15555,12273,2726,97,360,99,4539,915,317,843,2464,24450,24404,46,1206764
2015-10-01,1130458,180348,650174,48929,43018,53648,36102,23767,15672,20166,15476,18740,5405,7497,1572,1275,1221,7448,16625,5475,2215,1585,775,2662,358,734,281,2540,99288,77878,14505,1644,1542,358,578,519,436,155,240,17,1416,86805,17638,12248,13345,8620,2988,2681,5445,774,1996,1358,1440,1097,1740,1938,2286,1431,1122,8658,17267,14002,2538,113,313,301,5288,1169,420,902,2797,27973,27940,33,1383704
2015-11-01,947709,164685,507579,47463,34745,47329,31627,28090,18224,16513,11644,16257,4902,7663,1168,1129,1128,7563,13975,4570,2070,982,512,2518,248,510,275,2290,79531,62273,12345,1045,1152,380,343,368,288,136,108,76,1017,70120,16472,8953,10346,6784,2633,2113,4598,534,1561,1059,978,788,1135,1452,1918,1166,935,6695,12409,9759,2151,101,230,168,3867,629,370,660,2208,22463,22435,28,1150074
2015-12-01,933648,159877,465218,49494,33009,54753,44140,32143,27334,20557,8863,11816,5255,5974,1407,948,1055,11805,11868,4138,1478,831,321,2155,207,490,140,2108,72172,57580,11033,1008,785,268,267,261,218,101,64,2,585,56022,16164,6113,7944,5505,1811,1949,3013,536,1062,840,689,670,746,982,1141,929,586,5342,16815,13306,3020,79,243,167,2907,621,232,632,1422,23018,22939,79,1116450
2016-01-01,899287,136884,521981,57700,31098,33627,39032,13907,8261,15757,10312,8843,5292,6524,1474,961,944,6690,13000,5088,1602,885,276,2524,169,637,126,1693,69862,55739,10518,991,789,257,261,240,207,126,72,9,653,60668,16462,7313,9401,5400,2168,1948,3272,605,952,817,812,712,733,1514,1250,995,712,5602,13078,9980,2426,108,488,76,3094,960,204,518,1412,18442,18390,52,1077431
2016-02-01,959404,144493,546408,57876,30729,49160,35833,19657,8255,15849,10230,17804,5092,6237,1216,1070,914,8581,13414,4970,1639,717,455,2920,199,705,168,1641,65119,50705,10695,932,807,256,228,277,237,110,97,25,750,57073,14122,6815,8141,6100,2048,1885,3244,592,1028,1037,755,758,846,1269,1292,920,612,5609,9558,7338,1867,99,152,102,3718,964,243,591,1920,17964,17892,72,1126250
2016-03-01,1158639,224328,601671,57848,42494,62949,46657,28672,17649,19515,13859,18654,5400,5947,1359,1213,1040,9384,17322,5914,2098,1202,614,3289,239,813,189,2964,88150,68719,14492,1204,1160,286,347,350,314,146,135,10,987,80279,19244,11116,13449,7160,2559,2367,4468,872,1577,1222,971,884,1218,1947,1922,1283,955,7065,15841,13319,2120,90,174,138,3976,783,218,803,2172,25192,25130,62,1389399
2016-04-01,1221517,175283,682318,69151,46187,52699,51733,31762,20216,27029,13954,24455,5917,5256,1824,947,1042,11744,16321,5840,2614,1240,485,2849,257,546,194,2296,102644,81439,15614,1393,1188,373,359,398,390,148,168,16,1158,83119,21734,10292,12079,8724,2941,2388,4994,813,1622,1384,943,894,1503,1451,1767,1419,950,7221,16948,14065,2417,104,218,144,3999,915,200,692,2192,25126,25061,65,1469674
2016-05-01,1240415,178735,705844,65168,52229,52006,44706,27926,17957,28240,20562,18190,6144,6013,3419,1224,1631,10421,16460,5847,2570,1272,679,2547,268,929,259,2089,103539,80489,15617,1967,1339,464,530,554,655,155,151,33,1585,85149,21651,9578,11262,8713,2800,2778,6780,1065,1565,1350,1081,1110,1261,1475,2062,1716,1045,7857,16244,12895,2742,89,229,289,6338,1134,739,972,3493,24535,24488,47,1492680
2016-06-01,1304741,180192,758534,87722,49835,62492,30436,15685,21827,25634,18595,24593,6435,7782,2413,843,1128,10595,14672,5735,2377,1009,726,2842,129,367,142,1345,109777,88276,13950,1920,1742,330,375,528,673,180,131,13,1659,80062,19911,8636,11298,7319,2552,2950,5841,865,1905,1321,911,966,1155,1675,1979,1630,899,8249,16478,13020,2743,56,349,310,4664,1119,248,531,2766,24019,23953,66,1554413
2016-07-01,1452198,186194,917519,81459,53411,58674,27271,16208,11414,29404,20286,24540,5461,6808,2145,875,932,9597,18868,5772,2782,992,896,2829,184,1778,181,3454,101861,78526,15886,1578,1713,413,400,414,663,192,160,20,1896,84081,19559,9210,11923,8424,3495,2778,6229,956,1548,1334,1096,910,1538,1347,2247,1748,1095,8644,18921,15117,3147,78,306,273,5587,1377,304,842,3064,21979,21917,62,1703495
2016-08-01,1423878,225456,873771,79481,50134,56507,20858,13860,10927,25139,20053,20660,5558,6963,1566,1256,1292,10397,19131,6347,2245,993,936,3206,251,2085,191,2877,92162,69434,15499,1531,1346,358,365,464,766,179,179,44,1997,87018,18881,9951,12756,9624,3444,3005,6523,943,1396,1373,942,959,1313,1435,2788,1760,987,8938,12830,9732,2407,56,289,346,6413,1638,260,640,3875,22871,22819,52,1664303
2016-09-01,1273663,208759,726266,73846,53644,42212,27380,28962,17682,25056,21109,23921,5735,6526,1786,996,1155,8628,17566,5987,2602,1287,958,2568,253,1135,183,2593,99676,75736,16147,1736,1407,699,457,433,765,187,136,46,1927,84015,19389,10234,11922,7533,2926,2898,6489,977,1448,1554,935,861,1264,1444,2136,1784,1069,9152,18528,14784,3062,66,288,328,5537,1413,273,728,3123,24943,24878,65,1523928
2016-10-01,1313767,227149,680918,74516,56021,62946,50843,36243,22933,29294,18281,28558,5916,6743,1324,1248,1281,9553,17347,5671,2378,1878,896,2957,339,670,181,2377,109407,82885,18634,1747,1516,407,496,618,653,206,162,14,2069,97839,23296,12225,13191,9858,3451,2957,6345,946,2000,2199,1415,1146,1728,1657,2412,1821,1319,9873,17410,14021,2723,69,285,312,5881,1110,250,866,3655,26146,26096,50,1587797
2016-11-01,1081533,213211,516956,64210,45434,53406,42892,34322,24470,24639,15838,22552,5375,6488,1010,1006,1023,8701,16524,5830,1946,1078,1005,2968,268,895,169,2365,88973,67641,15281,1451,1322,430,322,410,567,134,148,16,1251,79193,19992,8822,11412,7026,2829,2517,5809,788,1430,1832,936,948,1137,1412,1998,1324,870,8111,15102,11927,2589,82,242,262,4544,921,243,675,2705,23186,23149,37,1309055
2016-12-01,1135258,197209,535536,64488,45529,63998,52466,44050,39957,29905,12832,18632,6133,7878,1253,878,790,13724,12968,4313,1688,769,458,2569,165,561,128,2317,84987,66597,13412,1392,970,307,263,360,423,125,93,5,1040,64177,19732,6110,8305,5681,2115,2353,3912,707,1093,1210,639,766,816,981,1400,1136,721,6500,19609,15781,3380,30,297,121,3575,986,153,548,1888,22824,22765,59,1343398
2017-01-01,1025675,154862,565243,69623,36950,55524,41877,20559,9797,19515,12461,13193,5521,8520,1253,900,786,9091,14359,5400,1749,888,621,3075,163,594,118,1751,74624,57212,12593,1270,922,283,373,297,393,169,95,6,1011,67512,19415,6720,10312,5764,2251,2489,3885,717,1008,1147,809,897,833,1492,1324,1128,708,6613,15441,11984,2870,62,357,168,3601,1133,175,443,1850,19483,19428,55,1220695
2017-02-01,1069490,185032,590790,75830,35286,36845,40023,19836,8923,21133,12446,19021,5787,7286,1265,1341,1160,7486,15233,5550,1703,820,599,3579,165,659,176,1982,69439,52732,11684,1165,1079,382,303,316,529,95,116,59,979,65581,17787,7457,8271,5825,2389,2574,4025,632,1020,1458,763,883,944,1266,1382,1217,674,7014,10856,8550,1964,44,174,124,4340,1244,251,560,2285,17141,17084,57,1252080
2017-03-01,989076,274478,360782,74512,40085,47834,52503,30820,21002,21955,11805,25159,6679,8627,1456,1292,1224,8863,18950,6009,2138,1310,851,3882,256,867,203,3434,94387,72477,16327,1397,1284,360,397,373,330,162,144,6,1130,86555,22951,10558,14809,7518,2837,2842,3977,649,1557,1865,984,923,1184,1575,1858,1449,1135,7884,15562,12801,2354,105,169,133,4243,981,263,750,2249,24867,24786,81,1233640
2017-04-01,806214,165748,227811,79203,47256,79067,56351,34441,22912,24278,9518,31324,5898,6771,1426,1071,1108,12031,18076,5637,2250,1855,560,3726,228,816,211,2793,107394,83485,17604,1566,1764,361,441,553,297,126,171,4,1022,93686,26719,11712,13342,9878,3386,2537,3389,755,1724,2040,1002,790,1824,2109,2076,1222,1100,8081,22774,19040,3284,83,190,177,3927,915,187,616,2209,23828,23735,93,1075899
2017-05-01,740354,159379,253359,73641,39055,51875,40032,23898,18466,17408,11440,25279,5842,6345,1766,1066,1051,10452,16659,6433,2125,1003,768,3258,199,694,168,2011,99262,76347,16687,1446,1355,485,435,493,422,219,208,27,1138,79254,22733,9180,10093,8593,2834,2110,4312,608,1466,1645,912,693,1314,1248,1923,980,997,7613,14965,11518,2833,103,258,253,3950,808,220,587,2335,23445,23380,65,977889
2017-06-01,751215,167785,254930,77986,35226,58590,27860,18118,21482,18760,9530,31688,5967,9782,1940,754,886,9931,16917,6491,2265,827,930,3535,161,589,108,2011,105729,85955,14381,1407,1208,323,415,475,291,193,135,17,929,74757,23470,7944,9233,7217,2562,2229,3433,448,1737,1598,960,713,1065,1511,1797,829,1097,6914,17227,13453,3156,126,263,229,3203,624,290,441,1848,22754,22691,63,991802
2017-07-01,761331,170634,281263,84678,32343,57005,24631,12757,10682,16128,10127,31528,5538,8301,1365,1188,1195,11968,21291,6950,2418,1099,854,4081,238,1820,216,3615,104470,82472,14574,1740,2617,395,493,493,372,179,131,17,987,80661,22896,9149,10682,8697,3314,2243,4047,599,1446,1892,1064,703,1459,1406,2212,972,1024,6856,15661,12236,2969,79,197,180,4188,843,253,745,2347,21069,21016,53,1008671
2017-08-01,868506,226735,339388,81867,31020,59259,23497,15711,10764,13957,9945,27572,5500,7426,1558,1156,1302,11849,21495,7099,2889,952,1018,3781,213,2115,305,3123,92919,71496,14899,1480,2167,314,450,374,376,146,240,8,969,79867,21317,9661,10796,9399,3114,1929,3767,651,1336,2026,917,675,1288,1016,2520,1019,1014,7422,13270,10362,2408,93,269,138,4965,1166,319,762,2718,22484,22438,46,1103506
2017-09-01,841547,219968,318682,74379,33772,45023,30651,20769,15078,16637,9771,28800,6014,9354,1909,1178,1459,8103,20049,7353,2636,1289,983,3674,271,1125,195,2523,91382,70933,13851,1560,2062,362,366,461,367,154,167,21,1078,80485,23056,10426,10171,7642,2900,2006,3307,630,1589,1917,1090,825,1393,1092,2155,1163,1130,7993,16413,12979,2875,90,284,185,5243,981,512,726,3024,23534,23472,62,1078653
2017-10-01,906097,179661,345384,81625,43589,54962,50079,32356,19054,19981,10023,38472,5590,10294,1585,1317,1615,10510,20917,7102,2484,1777,903,4376,404,990,283,2598,104588,80000,17397,1691,2101,416,488,483,396,184,178,24,1230,88730,25404,11208,11622,9038,3038,2283,3706,613,1844,1837,1329,892,1728,1351,2337,1133,1120,8247,15442,12299,2663,54,265,161,4646,1034,217,863,2532,25218,25175,43,1165638
2017-11-01,870943,213460,299247,76534,37101,53286,50860,33043,21866,19073,8826,28695,5191,11452,1021,917,1026,9345,17997,6598,2391,950,755,3976,245,587,213,2282,88227,69009,13179,1775,1871,288,331,541,223,138,133,7,732,75920,23073,9116,8850,7157,2824,1983,3944,485,1485,1820,979,701,1257,1049,2272,877,972,7076,13147,10190,2470,65,259,163,3698,590,213,859,2036,23285,23233,52,1093217
2017-12-01,926157,193705,332474,75738,37019,58761,60147,45333,36144,22012,7524,24009,6379,9758,1134,921,1271,13828,15595,5306,2224,737,626,3544,152,445,251,2310,84686,66763,13080,1349,1641,250,341,294,217,123,92,6,530,63049,21606,6729,7843,5619,2189,2192,2288,410,1046,1417,599,807,900,757,1449,708,620,5870,18799,14996,3242,134,288,139,3312,734,227,668,1683,22470,22416,54,1134068
2018-01-01,759265,167083,305127,75820,30454,34671,44941,22113,9664,17034,7421,16285,5988,10793,1500,1156,1231,7984,15758,5431,1934,809,554,3942,174,732,228,1954,77166,59895,12417,1407,1403,333,426,270,216,170,85,7,537,66538,21934,7328,9399,5891,2329,1629,2761,366,942,1504,699,712,1057,993,1632,732,755,5875,14899,11688,2659,89,393,70,3148,903,139,643,1463,19262,19196,66,956036
2018-02-01,829148,168241,345341,88076,27013,50590,43428,22529,9093,14739,7093,24508,5305,8901,1153,1301,1242,10595,16080,5585,1896,713,547,4687,180,558,208,1706,87798,66049,16438,1552,1401,408,322,289,315,151,145,7,721,80204,20889,9577,10334,7277,3914,1984,3200,374,1901,1683,802,752,2399,1764,1512,641,814,10387,11167,8769,2013,77,210,98,4098,1095,211,740,2052,16920,16867,53,1045415
2018-03-01,1110694,294476,403413,94084,41177,62340,55735,37845,22182,20202,9363,37656,6092,10664,1491,1453,1492,11029,22644,7514,2464,1513,766,5475,229,643,270,3770,105628,80079,18833,1598,2284,457,399,406,343,165,147,21,896,85892,25733,11239,12257,7102,2664,2261,3545,494,1696,1749,1161,899,1499,1408,2268,970,1065,7882,13431,10693,2360,54,199,125,4060,794,212,806,2248,23751,23696,55,1366100
2018-04-01,1049030,213853,366604,105177,49053,66533,64720,41735,21130,27913,10641,50727,7360,7607,1400,1132,1223,12222,22183,7143,3329,1883,655,4797,261,863,241,3011,115465,89209,18569,1803,2356,460,587,491,386,185,204,20,1195,97322,31313,10924,13363,10174,3302,2261,4147,587,1860,2102,1169,857,1750,1006,2022,1145,1308,8032,19066,15500,3101,59,209,197,4713,985,207,847,2674,23930,23865,65,1331709
2018-05-01,977320,227230,370222,88304,42722,57320,51866,25422,19768,19057,11625,33676,6483,7793,1692,1143,1168,11829,19348,6891,2551,1284,721,4638,214,576,241,2232,110254,84601,18651,1699,2065,494,451,514,370,168,174,20,1047,86474,26687,9699,10803,9390,3084,2252,4479,633,1578,1870,1017,770,1452,863,2257,1089,1017,7534,16040,12472,3035,61,188,284,5333,1087,320,732,3194,23252,23181,71,1238021
2018-06-01,1025081,235293,379891,102863,37554,66136,41020,27627,23117,22833,10346,48295,5915,9123,1930,1111,1255,10772,19469,6750,2499,896,584,4551,166,1386,215,2422,115716,94742,14521,1615,2033,379,341,600,318,136,137,8,886,81207,26796,8424,10586,7716,2594,1928,3959,520,2030,1699,876,790,1213,1099,2134,983,914,6946,15226,11841,2864,52,282,187,4031,858,179,635,2359,21363,21287,76,1282093
2018-07-01,992606,230512,410337,97696,29237,58373,33440,15694,11521,18061,9929,46310,6309,9070,1525,1205,1363,12024,21810,6997,2683,1186,704,4444,256,1828,241,3471,112761,90270,15002,1611,2915,367,437,578,324,173,162,12,910,88304,28260,9101,10683,9585,3569,2115,3819,512,1573,1894,1209,702,1655,1293,2659,905,1281,7489,14735,11491,2670,75,250,249,5055,948,210,773,3124,19562,19502,60,1254833
2018-08-01,1142577,315025,478140,100517,30459,63397,28516,19218,11843,15796,10610,37085,5252,10418,1623,1170,1550,11958,23229,7596,3197,1205,604,4585,203,1957,227,3655,98954,77319,14686,1771,2064,412,337,471,396,158,295,29,1016,86208,23001,10010,11132,10722,3388,2189,4277,600,1361,1958,1002,686,1407,983,3385,926,1027,8154,14920,11577,2733,80,309,221,5637,1479,241,542,3375,20202,20127,75,1391727
2018-09-01,1027937,247847,434595,87351,33427,49649,34298,28613,15346,18236,11393,37481,5509,11100,1720,1329,1584,8459,21159,7959,2346,1955,568,4327,252,819,268,2665,101795,78826,15667,1708,1987,589,437,618,393,188,240,28,1114,84212,23388,10760,10753,7944,3156,2123,4482,585,1523,2168,1045,793,1667,1053,2551,1047,1146,8028,19151,15310,3281,49,321,190,4748,1047,238,466,2997,19602,19540,62,1278604
2018-10-01,1227093,290468,475307,99972,52016,61473,59941,40758,21787,24931,12683,55380,6083,10729,1742,1220,1557,11046,22634,8463,2593,1774,481,4768,310,873,291,3081,127001,98103,20187,1973,2679,554,544,700,459,157,273,15,1357,102375,28153,12635,13813,10813,3717,2645,4934,584,2287,2139,1483,902,1981,1317,2938,1301,1399,9334,18648,14907,3233,98,214,196,5500,1046,263,585,3606,24581,24518,63,1527832
2018-11-01,1112960,299978,404256,88165,44406,53790,46981,45710,25981,24176,10247,40571,5306,9464,1045,1015,1270,10599,18081,7142,2158,1229,229,3538,281,632,224,2648,99759,77876,15205,1594,2146,371,313,576,377,156,241,4,900,80055,23380,9458,10067,7668,3107,2374,4340,466,1546,1913,909,774,1192,1091,2480,921,1007,7362,15170,11711,2840,98,327,194,3837,700,176,474,2487,20528,20456,72,1350390
2018-12-01,1110023,258521,416279,87308,42650,59546,54026,55665,40465,26089,8440,29844,5492,8202,1080,953,1216,14247,15320,5513,1908,881,214,3107,167,686,157,2687,90495,71023,14083,1414,1859,325,238,363,243,154,126,16,651,64829,23008,6634,7787,5814,2310,1847,2603,358,1206,1292,672,653,831,745,1476,712,766,6115,20978,17174,3416,79,214,95,3559,853,159,387,2160,18915,18838,77,1324119
2019-01-01,901838,206526,392814,87954,30473,35896,41334,22065,9855,18842,8671,20183,5289,9785,1287,1032,1247,8585,15112,5754,1785,805,184,3574,183,518,126,2183,80921,62737,12460,1605,1853,407,354,329,251,150,122,6,647,70038,25194,6850,10148,5574,2269,2262,2731,431,982,1324,751,775,747,801,1368,872,709,6250,17624,14285,2725,59,472,83,3690,1000,174,390,2126,15580,15526,54,1104803
2019-02-01,1017208,213200,453379,94559,29294,51312,39220,27484,9792,18115,8309,42181,5367,9176,1516,1439,1656,11209,16878,7149,1765,761,329,3774,205,542,194,2159,76380,57732,13551,1354,1435,415,252,335,264,138,174,9,721,61549,20001,6866,7876,5830,2357,2080,2384,326,927,1266,694,607,877,577,1373,771,654,6083,10622,8331,1863,77,237,114,4667,1191,287,437,2752,14498,14459,39,1201802
2019-03-01,1275790,375119,487623,98510,38701,46068,53100,40789,22105,25626,10646,46991,7021,8724,1494,1282,1704,10287,22850,8405,2532,1613,382,4915,244,693,286,3780,110027,84275,18670,1673,2201,452,401,582,335,173,265,12,988,87805,27992,11142,12813,7469,2898,2368,3583,455,1458,1960,1001,803,1224,858,2007,1044,1400,7330,15144,12263,2451,82,194,154,4743,945,228,513,3057,19282,19225,57,1535641
2019-04-01,1316534,290092,493250,113072,66525,76104,69726,43726,23307,31427,12933,63169,7272,7582,1478,1218,1318,14335,22668,7378,2826,2221,298,4618,293,1010,270,3754,133817,102524,21361,2212,3298,697,614,699,451,181,190,32,1558,112581,34205,12873,16707,11616,4089,2574,4381,742,2188,2301,1387,798,2236,1489,2678,1323,1490,9504,24211,19938,3802,99,214,158,5017,1159,164,489,3205,20238,20174,64,1635066
2019-05-01,1205936,286273,500413,101779,50569,57026,52660,31217,20114,18936,13858,44416,6556,8014,1538,854,1225,10488,17969,6839,2492,1409,271,4585,154,342,127,1750,123519,95815,19439,2054,2565,603,452,656,407,164,196,24,1144,97754,32955,10103,11522,10395,3348,2397,4856,639,1655,2259,1181,749,1585,820,2403,1122,1245,8520,17368,13558,3172,81,336,221,4278,1064,192,322,2700,18860,18788,72,1485684
2019-06-01,1197130,282476,475007,118437,40748,61728,37684,25538,24743,27880,13249,58339,6303,9244,1819,979,1260,11696,23074,7295,2835,940,384,4829,324,2933,274,3260,129186,105398,16133,1924,2361,380,354,673,337,178,162,35,1251,87723,28666,8947,11155,8559,2900,1941,4136,448,2079,2201,939,765,1239,1156,2590,984,1181,7837,17352,13201,3547,89,300,215,4598,973,207,482,2936,17155,17111,44,1476218
2019-07-01,1171203,274830,519132,113587,29074,59036,37278,16831,10992,18260,10432,52521,5421,8766,1355,1087,1196,11405,23880,7405,2962,1320,318,4953,255,2140,299,4228,122257,97428,16103,1979,3253,390,360,670,455,172,255,64,1128,94521,28421,9675,10826,10716,4141,2230,4388,543,1727,1954,1507,799,2029,1494,3066,945,1549,8511,15205,11840,2799,75,250,241,5356,933,217,555,3651,15645,15587,58,1448067
2019-08-01,1303227,329652,578112,109273,41817,65958,32830,20520,13008,18210,17001,43583,5523,9626,1916,1191,1868,13139,25117,7983,3015,1110,526,4948,242,2603,201,4489,112483,86586,16700,2188,2809,398,400,707,573,180,288,18,1636,104736,28700,11159,13116,12984,3961,2904,5915,751,1490,2326,1045,778,1664,803,4554,1432,1305,9849,17368,13647,3112,54,321,234,6751,1887,307,462,4095,16617,16560,57,1586299
2019-09-01,1168865,251119,541350,102758,36252,45911,36052,28020,17745,19309,12716,43617,6534,10900,2103,1459,1880,11140,24078,9056,2802,1837,446,4909,274,1009,342,3403,119156,90819,18213,2498,3038,647,645,838,477,163,393,34,1391,102751,30266,12670,13325,10242,3485,2214,4513,633,2010,2570,1244,1023,1923,1054,3134,1179,1542,9724,21830,17269,4035,45,273,208,6316,1197,588,553,3978,16668,16619,49,1459664
2019-10-01,1340928,248541,567695,127944,55394,65544,65878,45354,24719,28494,13160,64820,5876,11221,1449,1010,1715,12114,24364,8375,2893,2820,501,4776,340,830,304,3525,131722,101099,20624,2452,2878,863,612,764,532,192,224,14,1468,114725,33379,13322,15911,12546,4043,2371,4951,655,2303,2326,1802,1014,2137,1218,3140,1295,1505,10807,20375,16251,3728,72,83,241,6102,1175,250,654,4023,17979,17939,40,1656195
2019-11-01,1204970,258522,505369,102241,41739,58600,49998,49282,27546,23760,12184,43190,5660,10519,1070,1011,1286,12993,20192,7176,2881,1427,402,3697,277,879,212,3241,106706,82238,16862,1916,2408,402,374,622,366,164,182,57,1115,87560,26708,9819,11542,8111,3188,2146,4422,471,1600,2019,1120,891,1172,837,2610,1040,1205,8659,16996,13346,3365,37,81,167,4741,698,218,537,3288,15264,15233,31,1456429
2019-12-01,1234224,255356,508877,90379,43281,71751,55850,57764,42216,29716,10208,30721,6900,10042,1313,1159,1597,17094,16443,5461,2505,839,253,3388,193,659,188,2957,99484,77387,15292,1933,2382,290,335,509,297,127,177,10,745,73513,26570,7304,8735,6752,2459,2180,3084,442,1290,1407,782,754,1014,663,1733,774,754,6816,23896,19289,4355,82,71,99,4000,922,197,439,2442,5328,5281,47,1456888
2020-01-01,1064009,203969,481681,110354,30702,66962,38466,27549,10738,19443,9249,30232,5654,12323,1377,1014,1299,12997,17220,6135,2208,803,176,4325,180,1057,156,2180,87492,67255,13809,1801,2113,383,422,376,327,158,117,10,721,73181,28891,6617,9117,5982,2556,1955,2880,351,847,1558,665,623,762,543,1560,856,722,6696,17755,14039,3553,37,49,77,4198,1272,158,362,2406,8853,8792,61,1272708
2020-02-01,537600,211199,104086,53042,20332,20966,31777,18541,5909,15800,5839,30313,4319,6399,1088,1037,996,5957,14849,6888,1784,352,160,3204,168,318,142,1833,56817,42439,9046,1188,1543,495,357,305,310,186,167,14,767,55245,22157,5599,5566,5120,2067,1618,1718,218,650,1206,640,663,566,441,1068,471,547,4930,8892,6857,1912,38,30,55,4160,1004,253,315,2588,7649,7609,40,685212
2020-03-01,50321,8347,16595,585,4539,262,2371,890,219,3760,1587,4048,2519,674,441,474,566,2444,2086,782,242,68,34,567,45,29,26,293,14110,10570,2405,291,388,49,71,73,53,35,39,5,131,13086,5300,1195,1173,1217,597,630,248,80,188,322,114,199,105,97,255,173,164,1029,1085,760,275,33,3,14,1183,237,83,103,760,1626,1615,11,83497
2020-04-01,16982,360,3935,155,1130,35,299,152,48,1864,210,6597,763,616,183,67,11,557,134,7,26,21,13,15,7,16,0,29,7029,6417,422,52,55,12,11,12,1,17,2,0,28,4135,1223,1033,298,280,385,116,55,43,35,83,27,76,33,35,31,82,57,243,235,124,98,11,0,2,199,22,4,45,128,701,698,3,29415
2020-05-01,13148,413,5124,189,1539,24,195,90,49,1752,415,1381,701,78,442,215,172,369,151,10,26,4,8,26,15,6,0,56,9622,8735,695,53,69,1,13,9,5,9,7,0,26,6749,1641,1754,374,157,693,431,179,44,27,140,39,165,28,55,67,93,179,683,182,137,40,2,2,1,160,29,3,34,94,794,790,4,30806
2020-06-01,16690,498,5051,240,2982,62,313,121,50,2085,1799,1032,980,124,223,249,169,712,892,233,134,13,6,331,13,52,2,108,10901,9717,927,47,96,4,10,49,3,9,5,0,34,7120,2076,798,433,332,686,862,225,49,39,212,57,207,27,44,51,162,92,768,208,111,72,9,1,15,242,61,8,30,143,885,882,3,36938
2020-07-01,35995,755,9738,305,10166,78,609,136,44,4089,3694,1060,3803,81,326,125,245,741,1740,769,271,5,12,401,42,27,20,193,13113,11922,848,62,151,21,7,20,12,17,6,0,47,8339,2004,1082,632,671,745,1160,136,107,33,319,95,151,41,32,76,228,90,737,439,205,117,31,17,69,443,67,18,136,222,943,933,10,61012
2020-08-01,39246,1275,16275,655,7362,167,781,276,124,2830,2060,1938,4141,561,166,94,278,263,1229,64,439,36,55,329,67,10,36,193,15061,13368,1164,101,236,18,15,47,17,13,20,1,61,11147,2086,1580,619,1799,772,1000,229,149,123,394,141,264,122,64,189,251,166,1199,316,156,119,23,9,9,759,95,65,109,490,1039,1036,3,68797
2020-09-01,39189,794,15307,329,8485,115,523,186,97,3396,2408,1447,4899,239,235,72,213,444,1473,414,381,13,43,258,47,36,48,233,14146,12426,1326,100,186,11,13,8,9,10,18,0,39,8279,1700,1084,470,949,875,879,146,112,66,365,60,188,55,55,68,224,94,889,276,145,91,13,4,23,661,86,14,83,478,1016,1012,4,65040
2020-10-01,34984,927,11477,299,9041,59,460,180,134,3230,2348,853,4935,75,243,54,217,452,1214,202,308,36,20,233,54,105,49,207,14148,12366,1354,81,223,18,18,23,4,9,1,1,50,9158,2240,1143,522,1008,1044,812,231,99,65,306,62,197,46,53,107,212,129,882,301,170,86,31,5,9,755,78,20,97,560,1025,1024,1,61585
2020-11-01,33950,1254,9174,299,9700,89,391,168,216,3723,1938,1269,4765,171,138,67,212,376,1168,95,356,59,25,299,35,50,46,203,14966,13100,1294,74,348,11,19,37,13,17,11,1,41,9418,1806,1132,661,958,986,1103,247,210,76,351,80,136,60,68,109,262,139,1034,378,238,110,21,5,4,798,94,30,90,584,1086,1085,1,61764
2020-12-01,35923,951,7987,264,9718,59,383,261,381,4790,2283,1769,5927,135,208,135,152,520,1167,174,385,35,13,252,44,10,48,206,14082,12102,1444,104,318,12,13,16,6,20,7,0,40,9054,1962,1111,554,898,1115,1002,161,189,39,307,79,169,39,20,68,186,118,1037,387,230,125,20,1,11,816,98,19,103,596,915,915,0,62344
2021-01-01,31329,1299,7346,253,8087,61,628,237,86,3193,2725,1012,5249,119,224,176,164,470,1510,395,323,19,23,452,35,32,50,181,14091,12013,1488,144,283,18,20,23,8,24,15,1,54,9298,1911,1129,407,1109,1156,993,186,138,76,336,107,206,53,59,106,256,130,940,348,205,104,13,10,16,1006,79,34,80,813,815,811,4,58397
2021-02-01,36489,1719,11982,444,8006,129,405,394,92,3543,2320,1702,4268,327,161,325,109,563,2220,615,376,18,47,737,50,89,53,235,13233,11212,1300,152,328,33,25,45,21,33,19,2,63,11336,2432,1476,485,1811,853,1207,303,151,118,269,83,190,147,62,208,223,175,1143,363,187,118,46,7,5,1156,70,83,93,910,785,779,6,65582
2021-03-01,45861,949,18980,326,9268,89,474,333,83,3593,2970,2144,4772,178,385,270,428,619,2634,930,477,37,41,643,55,55,44,352,14191,12321,1332,117,270,15,26,20,16,16,7,3,48,9987,2417,1069,344,1013,1161,1329,182,222,56,316,56,301,69,36,165,254,115,882,310,172,107,19,6,6,805,60,53,84,608,816,808,8,74604
2021-04-01,40822,872,16830,278,8398,38,505,252,101,3680,2357,1349,4334,157,306,417,199,749,3052,1444,363,93,15,627,37,18,39,416,14852,12944,1402,91,289,12,16,17,5,16,1,3,56,9356,2311,1171,283,795,1237,1206,218,120,59,272,68,235,70,26,84,261,101,839,377,169,123,71,6,8,704,31,13,108,552,949,947,2,70112
2021-05-01,39701,1403,14221,349,8948,95,628,253,77,4089,1942,1726,4299,276,288,131,238,738,2813,1140,396,89,24,571,46,56,48,443,19617,17278,1707,105,366,12,22,24,10,16,9,2,66,10297,2785,1297,345,1033,1243,1136,238,94,67,298,54,244,95,34,121,214,125,874,294,175,98,0,8,13,726,61,21,122,522,1015,1011,4,74463
2021-06-01,40557,875,12942,275,9572,79,928,323,95,4529,2072,2133,4985,288,298,203,154,806,3269,1534,415,104,16,518,45,40,48,549,20408,18159,1732,108,226,16,25,37,14,27,9,1,54,10637,2899,1246,628,808,1148,1137,243,138,91,299,98,234,86,63,120,186,154,1059,305,192,94,4,4,11,864,109,21,176,558,989,986,3,77029
2021-07-01,40992,881,13469,304,10247,94,705,352,137,4511,2697,1704,4521,323,333,121,173,420,3671,1539,481,108,22,711,75,70,55,610,24555,21775,2167,149,244,15,59,35,15,26,11,5,54,11199,2575,1479,937,1037,1043,1107,246,146,87,327,105,233,143,66,129,245,167,1127,433,256,151,14,0,12,902,123,16,132,631,1253,1250,3,83005
2021-08-01,48395,2258,17103,601,10951,197,600,566,205,4175,3125,1994,4116,992,342,163,145,862,4407,1488,678,119,96,868,98,134,133,793,23997,20561,2274,220,421,34,27,174,52,35,40,4,155,16873,2750,2797,1447,1884,1275,1259,522,176,279,432,256,274,228,142,511,265,334,2042,496,281,136,12,9,58,1712,223,94,231,1164,1207,1198,9,97087
2021-09-01,45837,1142,19144,294,9745,127,845,348,198,3029,2734,1788,4065,1033,380,193,149,623,3958,1616,397,45,43,904,93,58,75,727,23575,19227,3722,109,282,18,26,35,33,22,10,2,89,13607,3077,1810,841,1638,1075,1167,394,171,158,357,103,293,169,75,313,331,204,1431,392,259,122,1,5,5,1097,115,63,205,714,1334,1328,6,89800
2021-10-01,42839,1237,14035,341,10683,117,897,396,361,3226,3192,1511,5062,424,339,118,247,653,3930,1194,589,183,31,564,88,202,49,1030,26776,21607,4447,179,254,27,38,51,38,23,16,0,96,15553,3078,2360,1109,1600,1167,1261,572,147,196,428,180,400,184,179,310,376,248,1758,498,315,167,5,3,8,1086,94,64,224,704,1734,1728,6,92416
2021-11-01,46225,1623,12472,375,11187,119,900,583,2414,3929,2745,2132,5388,384,401,164,344,1065,2936,856,413,134,58,352,65,168,58,832,25151,20123,4239,155,279,33,45,72,30,33,45,4,93,16630,3622,2382,1259,1736,1140,1308,701,174,207,487,179,277,154,120,449,324,235,1876,835,609,206,4,7,9,1177,127,34,233,783,1404,1404,0,94358
2021-12-01,50822,1007,11691,290,11141,113,804,451,3676,5066,2459,3751,5669,1268,600,283,596,1957,2569,923,415,90,43,265,46,176,61,550,21379,16805,3985,154,230,21,25,37,16,30,13,3,60,12557,3040,1822,889,1236,936,1096,286,156,131,293,107,430,98,59,203,360,160,1255,923,683,234,0,2,4,852,103,26,219,504,1048,1042,6,90150
2022-01-01,42967,1162,9489,309,9363,76,1108,557,1345,4550,2871,2318,5215,628,751,363,720,2142,2757,1003,498,110,61,245,71,127,39,603,19748,15570,3453,196,255,35,22,48,32,24,15,2,96,13654,3038,1718,1018,1585,926,1032,409,217,185,382,143,386,92,121,229,359,205,1609,827,611,193,4,10,9,1048,104,25,193,726,850,849,1,81851
2022-02-01,55736,2934,16752,857,9038,272,1492,987,1489,4425,3249,5002,4291,1174,475,538,689,2072,3856,1575,540,93,112,450,96,157,77,756,19869,15845,2920,257,445,71,26,78,32,34,35,3,123,17012,3283,2384,1064,2832,1162,1096,571,159,215,510,188,303,186,115,336,370,274,1964,865,634,210,10,7,4,1708,435,72,177,1024,953,916,37,99999
2022-03-01,56000,1397,14726,410,11397,150,1452,624,2450,4234,3303,5096,4781,1304,817,490,898,2471,3820,1510,574,107,144,418,91,135,92,749,20390,16968,2681,192,298,24,28,34,35,30,9,1,90,13140,2347,1802,995,1692,979,1013,484,234,138,390,107,417,117,60,396,417,187,1365,1012,754,220,23,2,13,1355,206,66,222,861,1051,1043,8,96768
2022-04-01,56662,2231,10230,505,12138,140,3664,1280,3805,4331,3114,4041,4728,1018,611,637,1117,3072,5192,1454,1392,241,67,829,33,68,124,984,37993,30882,5559,398,512,84,84,128,40,45,31,0,230,21662,2727,3483,2145,3307,1711,1000,840,202,364,622,399,289,472,262,821,372,396,2250,3027,2476,506,13,7,25,1235,280,43,178,734,2148,2139,9,127919
2022-05-01,78097,3701,11253,786,14119,307,8772,2432,6776,5643,4250,6429,5613,1161,757,609,1095,4394,9533,2275,2020,445,138,2967,78,414,91,1105,51659,42490,7053,575,586,97,112,192,93,37,77,4,343,27884,3515,4712,3103,4199,1986,1046,1312,251,526,853,461,420,476,382,814,413,527,2888,4457,3613,811,4,17,12,2033,361,174,242,1256,2259,2244,15,175922
2022-06-01,110141,5855,12741,1008,15139,662,16822,3415,10462,8265,5160,12884,5275,3864,1438,725,1213,5213,12505,3152,1594,444,190,4732,166,552,104,1571,64865,55444,7231,716,549,161,119,202,71,39,46,6,281,30561,4400,5000,3495,4191,2011,1096,1339,285,785,1001,453,405,552,472,901,425,563,3187,5160,4147,967,6,33,7,2032,307,84,335,1306,2449,2445,4,227713
2022-07-01,135377,11789,17907,1756,18146,1237,16808,3799,7832,8998,6656,18867,6654,5892,1420,800,1314,5502,13804,3997,1582,475,183,4319,123,844,136,2145,65303,53942,8871,739,645,168,151,194,101,55,54,21,362,38782,5641,6093,4442,5947,2854,1226,1581,402,585,946,613,599,990,406,1325,505,842,3785,5666,4418,1153,21,15,59,2627,486,89,313,1739,2427,2384,43,263986
2022-08-01,171567,26482,30248,4401,17304,2043,11056,4826,7567,10035,7159,24670,6619,8749,1293,1034,1959,6122,16147,5781,1938,481,300,3658,163,1185,158,2483,61643,50299,8077,883,911,192,167,298,169,66,99,8,474,49373,6108,8706,5675,8885,2895,1189,2318,345,843,1174,758,589,1002,529,2123,531,927,4776,6071,4835,1156,5,41,34,3781,856,189,388,2348,2363,2319,44,310945
2022-09-01,183027,27560,29531,4555,18191,3225,13315,6354,14862,9344,7227,22784,5959,8915,1837,966,1395,7007,15371,5377,1737,1174,287,3055,215,940,126,2460,75336,60435,11117,915,1078,247,216,361,148,71,123,9,616,47106,6391,9006,5220,7218,2761,1072,2043,304,783,1504,704,450,1170,517,1752,589,1022,4600,10240,8180,1959,8,35,58,3271,519,244,405,2103,3287,3269,18,337638
2022-10-01,292665,67159,22940,11358,26966,11216,34428,12349,24761,14750,7968,32010,7206,8002,1910,1589,1228,6825,14785,3761,2151,1409,422,2925,220,1167,200,2530,92022,73560,13205,1426,1298,341,349,481,239,105,157,14,847,56930,6553,9208,6615,9539,3243,1331,2875,329,1242,1705,1044,584,1458,693,2268,885,1134,6224,11738,9086,2517,15,50,70,4344,748,342,524,2730,3613,3595,18,476097
2022-11-01,297761,62422,24174,17914,23963,14721,29316,13113,33212,14299,8253,27313,5472,9986,2357,935,1862,8449,15369,3541,2138,851,320,3542,164,2242,157,2414,80119,64861,11159,1138,1105,292,187,304,262,67,121,10,613,47821,7547,7173,5451,7136,2722,1143,2648,218,1006,1490,770,562,845,540,1950,549,974,5097,12019,9769,2111,4,41,94,3347,472,108,433,2334,3470,3456,14,459906
2022-12-01,379613,84175,27367,29066,24081,27146,41026,20713,50711,17876,5619,23647,4144,11977,1771,825,1784,7685,11355,2769,1887,436,185,3133,97,660,124,2064,78825,63352,11738,1174,994,232,230,334,164,88,68,8,443,42162,8469,5822,5583,6088,2401,1061,1718,230,783,1155,498,582,709,477,1452,457,677,4000,21001,16979,3919,0,48,55,2951,742,123,363,1723,3366,3334,32,539273
2023-01-01,300353,66900,24946,49477,15759,26777,25823,11058,13316,12838,4481,21621,3209,12585,1516,779,1302,7966,10995,3819,1685,394,124,2644,92,505,112,1620,62345,49120,9869,1109,800,232,253,250,188,75,72,3,374,39937,9151,5320,5798,4865,2140,886,1815,162,693,1052,506,485,544,530,1230,409,614,3737,15247,12617,2584,2,27,17,2751,795,117,299,1540,2801,2789,12,434429
2023-02-01,349269,94393,45884,47970,14368,16237,28142,16486,12173,14156,4664,28828,3271,10000,1632,1005,1442,8618,12511,4644,1607,397,139,2781,163,639,88,2053,58796,46204,9040,1027,850,289,209,269,201,79,107,3,518,43348,9080,6197,5105,6623,2877,744,1880,149,686,1185,480,445,705,500,1315,485,717,4175,9618,7899,1665,5,15,34,3233,931,119,376,1807,2473,2455,18,479248
2023-03-01,575973,192318,73390,63504,24735,27155,43084,23569,34337,18520,8427,34929,5248,12412,1996,1110,1762,9477,16110,4289,2177,1546,245,3783,131,1382,152,2405,109322,86430,16866,1599,1434,454,471,518,309,94,152,8,987,74781,13138,12087,10796,9474,3934,1174,3837,358,1362,2084,1312,670,1598,998,2521,995,1184,7259,16948,14179,2646,8,40,75,3718,778,157,406,2377,3723,3710,13,800575
2023-04-01,597763,128309,105967,77187,35258,38138,54431,25679,31144,23281,9722,40640,4162,9909,1326,733,1161,10716,16371,3285,3181,2271,187,3583,102,1228,108,2426,137873,108818,20825,2170,2511,540,481,563,394,117,242,9,1203,102974,15183,18443,15273,15704,4757,1337,4663,604,1849,3256,1336,921,2703,998,3296,1333,1793,9525,25632,21277,4202,3,49,101,4226,1072,141,296,2717,3937,3922,15,888776
2023-05-01,611875,183691,128171,66654,28094,28617,31597,21544,30557,22531,10783,29422,4450,10009,1856,960,1745,11194,17233,3567,2582,1626,287,3817,228,1786,138,3202,129355,101915,19870,2064,1724,457,506,562,434,114,141,25,1543,80325,14119,11656,10517,13163,4347,1391,3904,486,1436,2508,1027,574,1679,738,2431,1011,1466,7872,19262,15711,3204,19,97,231,5200,983,152,495,3570,3880,3867,13,867130
2023-06-01,700892,196512,168035,97365,29393,31874,25023,15799,35377,21914,11503,35848,4771,13187,1807,933,1158,10393,17413,3823,2939,1036,237,3965,221,1695,205,3292,143033,121378,15229,1464,1562,374,313,619,455,93,135,7,1404,70243,14355,9062,8555,9166,3469,1496,3895,376,1899,2427,937,556,1334,1160,2364,858,1097,7237,20885,17094,3613,12,50,116,4557,992,143,416,3006,3615,3601,14,960638
2023-07-01,750567,211468,224805,103566,26215,39527,20184,11356,13348,17934,11052,38402,4991,11114,1597,957,2140,11911,20459,4655,3012,1151,269,4886,243,2483,219,3541,134437,104823,18343,2934,2859,1479,446,767,490,152,414,13,1717,99410,15617,11610,14236,12443,6852,1307,3974,362,3628,2710,2003,632,3481,1970,3610,902,2750,11323,17860,14442,3190,22,87,119,6523,1405,204,500,4414,2932,2909,23,1032188
2023-08-01,842365,263453,259659,98854,24059,43031,17379,15522,15070,18538,11083,39540,5523,11767,1952,1243,2208,13484,21401,5935,2943,1471,316,5332,212,1400,210,3582,107051,83250,16345,1951,2127,427,320,586,343,127,210,26,1339,93254,14198,12875,10344,16487,5192,1534,7381,355,1321,2772,1050,815,1723,728,5404,936,1422,8717,15243,12298,2647,33,94,171,6742,1520,214,739,4269,3077,3066,11,1089133
2023-09-01,831323,250102,263940,92411,27175,30424,23684,21867,26929,16843,11002,36665,5266,11809,2202,1037,1577,8390,21297,5967,3199,1881,468,4617,226,1494,288,3157,123884,96925,18856,1911,2142,554,506,722,625,142,202,8,1291,86309,13815,14491,10477,12053,4586,1350,4320,528,1593,3440,1299,524,2084,777,3500,1353,1820,8299,26015,21637,4144,13,80,141,5527,1063,153,550,3761,3679,3662,17,1098034
2023-10-01,928411,255092,249483,96845,43298,41375,46482,33321,34710,30343,19370,46026,5215,10364,2051,1342,2236,10858,19182,4680,3243,940,373,4526,255,1612,214,3339,148828,115763,22664,2786,2626,607,628,843,557,157,317,3,1877,98449,15557,14147,13352,14642,4828,1845,4912,563,2041,3191,1848,974,2296,1046,3721,1691,1839,9956,24483,20025,4151,26,113,168,6428,1293,164,639,4332,4118,4088,30,1229899
2023-11-01,872078,278322,221469,86141,39219,38052,30164,30565,44456,25643,11477,37039,4795,10984,1265,930,1402,10155,16578,4129,2868,394,248,3687,212,1934,187,2919,120314,93498,19388,2158,1986,427,458,563,447,118,124,4,1143,75231,12837,9772,9990,11251,3671,1620,4250,370,1421,2893,1137,775,1187,757,3279,1110,1295,7616,22377,18609,3591,3,65,109,4770,875,120,490,3285,3642,3619,23,1114990
2023-12-01,837302,195869,253675,80633,35246,42777,33449,33106,56397,27708,9207,31728,5816,11076,2204,1168,1755,15488,13670,3687,2312,318,229,3253,157,1191,113,2410,97989,78291,14554,1681,1520,210,292,381,275,86,101,5,593,53798,11725,7060,6933,7535,2572,1292,2800,234,1045,1674,629,468,883,488,1837,702,881,5040,27294,22816,4319,14,60,85,3578,939,112,437,2090,2994,2975,19,1036625
2024-01-01,704747,143152,280035,93589,26908,25755,20516,16913,14036,19274,9842,21397,5151,12465,2301,1212,1655,10546,15680,5059,2186,455,180,3907,125,1102,142,2524,80547,61754,13400,1855,1228,398,430,358,256,99,89,5,675,53031,11508,6484,6750,6380,2456,1588,2573,269,1068,1725,746,584,992,664,1690,650,694,6210,20524,17251,3150,19,34,70,3788,1031,184,406,2167,2564,2538,26,880881
2024-02-01,856195,183999,343719,96704,25867,35458,22347,29516,15282,19466,9447,39674,5507,10036,2313,1613,2311,12936,17049,6121,2116,386,212,3812,132,1223,230,2817,81912,62607,13679,1664,1319,561,376,421,301,106,148,16,714,54786,10560,7210,6905,8329,2597,1729,2312,267,905,1981,615,590,998,578,1766,713,875,5856,13247,10972,2126,15,70,64,4612,1406,177,513,2516,2443,2431,12,1030244
2024-03-01,1175299,338742,391347,115578,54881,49235,33518,25294,38849,26105,16443,48721,5787,10606,2435,1241,2017,14500,18245,4766,3289,1072,499,5450,139,623,163,2244,154163,119955,23062,3014,3066,595,700,913,562,197,233,7,1859,108310,16707,18571,15993,12182,3950,2070,5789,987,1887,3371,1712,1096,2653,1431,4751,1811,1612,11737,27038,22871,3966,30,59,112,5297,1356,185,376,3380,3396,3383,13,1491748
2024-04-01,1104892,229252,411331,117606,50645,42654,43074,31993,32481,38924,17698,53338,5353,9456,1971,1177,1608,16331,23699,4048,6541,1647,289,4409,170,2349,193,4053,159909,122728,24852,3524,2927,782,839,1092,617,196,334,9,2009,132764,19294,21296,19068,21993,6566,1911,6581,804,2208,5212,1555,1254,3026,1034,3725,2122,2440,12675,30726,26522,3936,9,87,172,7326,1510,138,507,5171,3481,3460,21,1462797
2024-05-01,1100342,278423,395222,116956,44686,45790,28723,27380,37306,31739,18216,38778,6448,10768,2753,1259,1975,13920,20158,3910,3862,1564,344,4558,251,1891,170,3608,157877,122694,24823,3025,2443,762,701,1143,481,176,246,12,1371,106695,17310,15189,13562,17330,5609,1948,5563,512,1716,4591,1354,1071,2459,857,3541,1619,1874,10590,24006,20441,3287,8,86,184,6039,1196,163,529,4151,3346,3324,22,1418463
2024-06-01,1097742,258431,397325,144255,44891,54449,20150,16138,34134,29137,17693,47323,6269,12578,1977,1236,1420,10336,21997,3929,4716,918,328,4338,187,3806,193,3582,181262,151721,20378,2441,2549,457,482,897,522,138,185,69,1423,84560,15753,10066,11417,10989,3664,1874,4980,463,2312,3403,1039,768,1797,1264,3359,1177,1373,8862,22758,19348,3164,19,77,150,6146,1261,167,566,4152,2809,2793,16,1417274
2024-07-01,1103702,242953,459069,142721,34632,58305,18056,12275,14068,22818,14336,45282,6168,12415,2375,1472,2174,14583,23571,4936,4248,1129,320,5134,254,3332,248,3970,155900,120874,23899,2696,3901,450,552,942,466,154,302,6,1658,97810,20899,10617,11169,13994,5600,1705,4626,415,1844,3505,1670,869,2717,1608,4222,1145,1973,9232,19301,16198,2681,17,123,282,5651,1304,136,476,3735,2564,2551,13,1408499
2024-08-01,1254468,323465,505559,148735,35225,61864,16775,12913,17295,24303,15734,47019,8049,12964,2942,1759,3008,16859,25776,6738,4489,1242,704,6120,286,1538,245,4414,140091,102057,22742,2438,8176,556,578,912,503,176,262,49,1642,114651,18692,14477,13458,18450,5884,1860,9306,540,1444,4360,1345,1056,2350,826,7110,1360,1754,10379,17798,14755,2811,29,58,145,7775,2218,253,609,4695,2662,2649,13,1563221
2024-09-01,1144025,310652,422809,126130,40278,40033,18868,29347,26006,27238,17071,44680,7513,14415,2786,1603,2592,12004,24432,7293,4147,1632,435,4832,291,1607,175,4020,149342,109695,22871,2759,8333,776,773,1263,585,208,350,11,1718,109677,18242,16795,13383,14137,5191,2085,5703,682,1955,5130,1501,931,2767,1150,4912,1556,2213,11344,26318,22366,3630,23,98,201,7467,1604,287,779,4797,3039,3006,33,1464300
2024-10-01,1215297,323266,392230,133433,58724,52439,40167,37050,40841,34338,16591,48535,6967,12472,2007,1134,1766,13337,23861,4501,4545,2811,279,5008,255,1772,304,4386,191544,141152,28986,4174,10446,779,897,1614,581,229,463,56,2167,127097,20870,17690,16646,19038,5917,2207,6790,759,2381,4623,2055,965,3306,1116,5364,1961,2332,13077,31945,26742,4838,11,112,242,7086,1655,230,666,4535,3433,3414,19,1600263
2024-11-01,1077852,341198,297840,119505,50599,46766,28920,30623,43582,29100,12927,40504,6540,11398,1984,1139,1735,13492,19700,4414,3321,1363,287,4116,240,2468,201,3290,143531,108982,18965,3107,8013,644,517,1092,407,147,227,11,1419,86956,14876,10618,10924,12628,4364,1828,5403,441,1650,3700,1286,1023,1613,918,4143,1076,1482,8983,24709,20536,3823,9,104,237,5455,958,256,555,3686,2873,2856,17,1361076
2024-12-01,1030128,250546,306787,118696,49424,58670,32742,31394,61548,33743,10670,36169,6582,12329,1822,997,1698,16311,14654,3786,2567,570,191,3209,163,940,130,3098,123433,95889,16675,2595,5487,275,391,727,342,103,124,8,817,64616,12487,8172,8218,9058,3240,1609,3797,355,1467,1938,852,614,1141,746,2448,827,1004,6643,31315,26336,4765,10,95,109,4116,1054,114,472,2476,2601,2584,17,1270863
2025-01-01,920897,174717,364460,135434,36740,44278,20447,26188,17575,27516,10783,24922,5773,15487,2455,1062,1769,11291,15871,5343,2461,480,185,4007,140,855,131,2269,97819,74262,13975,2488,4226,451,536,557,310,115,128,2,769,53208,11513,6053,6905,6719,2656,1528,2956,256,849,2000,638,572,779,626,1813,694,783,5868,22872,19468,3226,9,42,127,4489,1330,119,421,2619,2087,2070,17,1117243
2025-02-01,941351,224482,340860,120015,37689,30270,20598,25161,15485,24574,11586,51313,6876,11164,2598,1572,2665,14443,18049,6468,2395,675,184,4285,193,896,186,2767,96522,72445,14252,1970,4586,729,550,513,392,83,153,6,843,60422,11857,7597,7398,8914,2802,1815,3119,270,1049,2460,674,615,984,620,2019,778,951,6500,15078,12638,2299,6,43,92,5077,1536,166,516,2859,1909,1893,16,1138408
2025-03-01,1272817,383312,416849,140017,50973,44030,27942,24780,36370,32325,16082,52874,7023,14847,2559,1105,1830,19899,24237,5829,5440,2029,633,6267,197,789,224,2829,173633,132117,25018,4012,6549,688,1094,1250,625,198,302,12,1768,111272,19322,18334,15717,12830,4587,1981,5703,949,1888,4982,1403,1200,2310,1192,4064,1923,1565,11322,24817,20574,4002,6,55,180,5288,1308,148,435,3397,2532,2506,26,1614596
2025-04-01,1251246,257903,443230,151613,69393,64591,40689,30811,37953,36580,21196,52792,6877,12996,2242,1242,1871,19267,28436,4092,7100,3052,444,6044,205,2049,274,5176,206644,153381,30972,4511,9977,851,1223,1852,827,228,315,10,2497,168563,26827,27847,24459,22806,7228,2192,9201,1388,2673,6003,2137,1469,4261,1857,5904,2697,2877,16737,41623,36222,5036,16,91,258,7929,1839,129,665,5296,2672,2651,21,1707113
2025-05-01,1271869,291626,484390,150272,60559,51363,29480,27416,37734,34665,22256,41565,7575,11659,2413,1067,1825,16004,23003,4381,4920,2207,314,5229,245,1920,214,3573,177051,132324,27787,3656,6554,877,1083,1481,687,191,335,13,2063,120757,21633,15251,16606,17440,6388,2109,6357,751,1957,5222,1303,1068,2785,1005,4429,1670,2072,12711,27238,23013,3949,5,83,188,6965,1844,122,606,4393,2504,2487,17,1629387
2025-06-01,1260012,287140,477052,164885,53128,56109,21179,19945,40211,32029,19905,45408,7591,16955,2578,1230,1806,12861,23494,4413,5347,1315,178,5636,254,2512,170,3669,204079,166242,22065,3182,6303,787,760,1534,697,210,315,37,1947,100512,19040,11925,13937,12208,5025,1967,6041,451,2416,4070,1058,939,2219,1382,4433,1431,1371,10599,22899,19360,3302,11,74,152,6069,1540,135,616,3778,2155,2132,23,1619220
2025-07-01,1391490,299782,602147,199280,41692,64224,20856,13840,16008,28651,16605,47692,7049,14456,2215,1256,1902,13835,27299,5741,5982,1692,246,6269,201,2598,256,4314,173093,131832,24316,3442,8430,525,664,1347,534,199,252,18,1534,111750,20446,11340,13020,16896,6924,2126,5707,517,1908,4617,1926,929,3051,1769,5893,1392,2241,11048,20263,16861,3025,10,101,266,7356,1732,161,588,4875,1948,1929,19,1733199
2025-08-01,1473005,378852,604618,191565,40847,64860,18844,15516,15894,24800,15853,51664,8084,15682,3063,1636,3176,18051,31760,8625,6300,1841,368,7222,222,1752,230,5200,151936,111754,24153,3103,7584,611,648,1222,698,205,363,20,1575,135713,21474,16519,15571,21602,6891,1880,12971,568,1690,5136,1460,1394,2374,946,9481,1731,1807,12218,17578,14565,2731,4,79,199,8465,2300,232,594,5339,1875,1854,21,1820332
2025-09-01,1332420,370709,503186,154992,47625,40879,21535,31359,29816,26703,19353,46001,7323,13727,2681,1383,2242,12906,31268,8449,6022,3885,527,5607,251,1678,266,4583,169071,121682,27534,3751,8869,924,874,1679,772,283,400,43,2260,129596,19476,19312,16239,16097,6184,2090,7502,804,2527,6748,1992,1174,3294,1533,6005,1865,2570,14184,30894,25954,4639,13,81,207,7436,1590,238,706,4902,2128,2096,32,1702813
